000.jpg,kitten
001.jpg,dog
002.jpg,dog
003.jpg,dog
004.jpg,dolphin
005.jpg,dolphin
006.jpg,dolphin
007.jpg,forest canopy
008.jpg,landscape
009.jpg,landscape
010.jpg,landscape
011.jpg,landscape
012.jpg,eagle
013.jpg,eagle
014.jpg,eagle
015.jpg,eagle
016.jpg,pizza
017.jpg,pizza
018.jpg,pizza
019.jpg,pizza
020.jpg,ostrich
021.jpg,ostrich
022.jpg,chicken
023.jpg,chicken
024.jpg,chicken
025.jpg,chicken
026.jpg,chicken
027.jpg,chicken
028.jpg,frog
029.jpg,frog
030.jpg,frog
031.jpg,frog
032.jpg,frog
033.jpg,turtle
034.jpg,turtle
035.jpg,walrus
036.jpg,walrus
037.jpg,pyramids
038.jpg,pyramids
039.jpg,pyramids
040.jpg,pyramids
041.jpg,ship
042.jpg,tiger
043.jpg,brown bear
044.jpg,brown bear
045.jpg,brown bear
046.jpg,bunny
047.jpg,bunny
048.jpg,bunny
049.jpg,bunny
050.jpg,hamster
051.jpg,hamster
052.jpg,hamster
053.jpg,hamster
054.jpg,badger
055.jpg,badger
056.jpg,badger
057.jpg,badger
058.jpg,badger
059.jpg,armadillo
060.jpg,panda
061.jpg,panda
062.jpg,gorilla
063.jpg,gorilla
064.jpg,gorilla
065.jpg,plane
066.jpg,teapot
067.jpg,teapot
068.jpg,teapot
069.jpg,teapot
070.jpg,vase
071.jpg,vase
072.jpg,vase
073.jpg,vase
074.jpg,vase
075.jpg,burger
076.jpg,burger
077.jpg,burger
078.jpg,burger
079.jpg,burger
080.jpg,burger
081.jpg,mushroom
082.jpg,mushroom
083.jpg,mushroom
084.jpg,mushroom
085.jpg,mushroom
086.jpg,mushroom
087.jpg,orange
088.jpg,orange
089.jpg,orange
090.jpg,orange
091.jpg,orange
092.jpg,orange
093.jpg,apple
094.jpg,apple
095.jpg,apple
096.jpg,apple
097.jpg,banana
098.jpg,banana
099.jpg,banana
